feature_1,feature_2,feature_3,feature_4,feature_5,target
0.6645069096670119,0.9067585592999198,2.3831382702002735,1.5945487524566317,0.08383453454173292,1
-0.6090912625281302,-1.378786214460921,-0.7474439782690536,-0.9214019894638177,1.2415235462671665,0
0.5920057548200234,1.4108068973869916,1.1419590313416177,1.6491654916465615,-1.4815855297180123,1
-1.33221362674423,-1.875127525037414,-3.197404884119787,-1.181019966386438,-0.2794125410139054,0
0.5094068148291989,0.7390693603673602,0.9580559105260177,0.1467075844244502,0.08972451084392769,1
0.602374748603698,1.3816085355991619,1.8168702469218192,2.4346613491523965,-1.467209038607322,1
0.20718581398506333,0.3468277516792576,0.06491432890303805,-0.2646380416580414,-0.03936689010701935,1
0.677808763715951,0.45530207086671437,2.8288327204827,0.9468108288501116,1.3613426664661412,1
0.2520315178823646,1.317174108126542,-0.2668020963018527,1.5395713093271213,-2.5521146371276084,1
0.39724350979824613,0.9649213889333936,0.7682552713684982,1.156939080138246,-1.0467900410622957,1
0.7090031372964833,1.6898298958386144,0.503624505172471,0.7919264652203897,-1.6244616711749695,1
0.5282172753645105,1.0597617118474119,1.0234340632913086,0.958519165617669,-0.7526197099403704,1
0.23169170006259024,0.5753410114383846,-0.0007016223014411072,0.09268916213705714,-0.5683104250770526,1
1.1735111578916433,1.9739266915821978,1.0811100959715063,-0.49680730458231726,-0.3744075507203109,1
0.3597351521381545,-0.361007445839303,1.399681426055734,-1.2087117788831845,2.46647990046339,0
-0.10911311558082241,-0.6011592913187642,-0.038835767718248926,-0.9586056446824868,1.2203243010303995,0
0.8276414202793636,0.5832940087256191,1.070824573525814,-2.037723022701151,1.9991447036522154,0
0.20986311165460994,0.8748751132302953,-0.9469608846584707,-0.2898291301776861,-1.3631738501607922,1
0.35804700567633285,0.8314667068876941,1.1712509433990246,1.5989811960586409,-0.9173640156825262,1
0.20704426816060384,-0.7571198877705918,1.4972950273418908,-1.180905129735172,2.8726322656829595,0
0.4045210963843891,0.6978633408854682,1.2018120799022802,1.0101330482083153,-0.3234368543330818,1
0.31956321328091175,1.0015135203810237,-0.25812638033133983,0.3179906136134296,-1.3347618390385345,1
-0.5468771863049552,-0.7813529541973633,-2.3998058370335578,-2.004634957413902,0.10796332561430685,0
-0.5678948831889916,-1.046675222885011,-1.0920096829375268,-0.7773752109347538,0.5421977193995342,0
0.3724168876186732,1.3912086743655512,-0.04174102346899655,1.3099238231347237,-2.242438655383918,1
-0.3670200514226658,-1.8785530724601407,1.2529915083530532,-0.954455363900217,3.452543701414199,0
0.4383595629989036,1.6517856413107028,-0.5391877496134063,0.9076367972713428,-2.594917419848657,1
0.5782410740311703,0.5252856112634569,1.6855844799494717,0.1677720738171402,0.896095240519796,1
0.33354942358838485,-0.4633863210747272,1.4312909052037492,-1.2734235802083442,2.6322156672626162,0
-0.6024805249260821,-0.9537074432299522,-1.898327662513297,-1.429499527227523,0.2552091382720985,0
0.47569299735017784,0.9751723631380772,0.7095107586019449,0.6267816989933206,-0.7003737274947814,1
0.6788554597993325,0.5696197510357813,2.2048411512012533,0.383769281238026,1.1474690646553363,1
0.20299934318735624,-0.2805433643573819,0.1998747730575896,-1.6907221791023355,1.7146822034873919,0
-0.14661306455501585,0.7685408587766638,-0.635074467624196,2.0249406204915084,-2.7739671401549293,1
0.3658848762860912,1.4468315230802735,-0.13639195736461818,1.3650045716736188,-2.415714700922118,1
1.0087248511658715,2.027398999754971,0.9770198795047214,0.5007946245528767,-1.2772858876278954,1
0.3900712604627777,1.8252343274208078,-0.4781495842643171,1.736923623894453,-3.3273902396825603,1
0.507230437969399,0.3668012204709272,-0.49968078531252325,-2.8081735758346063,1.3998759093995652,0
-0.5526354740948032,-1.3521772572407076,-0.26036727134059134,-0.5275539697143411,1.3435133688913854,0
0.14113533014342108,-0.2970056536555178,0.11815138165898298,-1.4699283683805104,1.4878109483827362,0
-0.08768102977061193,-1.0551862816147417,0.8616968771277991,-1.0392961846155329,2.4638420626548934,0
0.04505927349747182,-1.0545256751150196,1.411245891299696,-1.09081190475826,2.9847339071668233,0
0.6745819384958532,0.9022023266912618,2.451111890386689,1.6146034195294778,0.1319898484335144,1
-0.06270510732310018,-0.762740356256646,0.8673554235358001,-0.42041897485975144,1.7415406119674106,0
1.0051997680944216,1.404055016134865,1.6758989161164455,-0.14623601587332669,0.3700693471104766,1
-0.6878298119575444,-1.3815330797708676,-0.6163343604072021,-0.2707759639154479,0.8596585115697412,0
0.8770458643359924,0.6349603673231423,1.1275462463449804,-2.1252788434857153,2.0714744947790122,1
-0.1436415456385252,-0.682212493420253,-0.09046656554012966,-1.0310670437004497,1.300601280854533,0
1.012526310351968,1.207679163780614,1.4515970806214251,-1.010238762879107,1.0057911070595194,1
0.1782369998736634,-0.01742363617551601,0.18491683642502565,-0.8745269839020935,0.8482135054014021,1
0.5208208734214768,1.3606011152998068,0.7289113069570241,1.384636352877561,-1.597512360877687,1
-1.4372404138563475,-1.9478412513375547,-3.1828821815644135,-0.7129697191978239,-0.5630445094417562,0
0.6210878871730875,0.7572024123281936,1.6970231404050704,0.5281587726632975,0.42944075833963435,1
0.3638530489980817,-0.7162345519102827,1.938535443864741,-1.4220483908983765,3.409321401575109,0
0.21046846194095753,-0.6386335207588683,1.2720599723242116,-1.20121700344724,2.588428639501766,0
1.143340251026146,1.124818391388212,1.7131321205192522,-1.6624866661660875,1.807123809528108,0
0.037081519988748535,-0.42307835583878706,0.07513652871663923,-1.225791972111678,1.3715799786357166,0
0.3397842536788818,1.5734925081493716,-0.3237426207100498,1.5972176243146654,-2.867508663463034,1
1.549101391527914,1.5065435737086719,2.30745200922503,-2.3167446852726887,2.500855560204286,1
-2.251969661973516,-3.1873899683703932,-3.5756629997880935,0.46351395403649387,-0.7403418526433495,0
-0.03418897643753628,-0.3466847273446704,-0.6522659379038362,-1.5902501752325289,0.9473812943996914,0
0.5780783911409477,1.404583935395682,1.2544968872168472,1.8716896425317724,-1.5482618176721596,1
0.48261332701084103,0.26316958138876223,0.5120104615622996,-1.5429715833528475,1.4057693881059483,0
0.7215864402403873,0.6835814291892484,1.054825764741193,-1.1539954839369004,1.220487194067204,1
-0.2989736150914846,-0.9984073360660615,0.08826576532353336,-0.6676354020678977,1.4513957086334075,0
-0.09085423330580567,-0.5239433789444213,-0.24731408145544975,-1.1536982045875885,1.120542485484288,0
-1.2004811962895652,-1.7504171037397511,-2.4996262609305053,-0.6997757852907718,-0.14437353273567208,0
0.6748876146110373,-0.2755801176363909,2.339209203263046,-1.6126277090396484,3.526597824341322,0
-0.18874442845750797,-1.2924543955584673,0.9442653931410677,-0.9313081509064571,2.658180213572314,0
-0.6808883134638058,-1.8379962461644266,0.08887911661828307,-0.5374073913849456,2.0766602816145756,0
0.398330946379845,1.3516792112735738,0.12823372722273618,1.2823083232044619,-2.0380701160657972,1
0.6152939893591447,0.24100292046693184,0.9470450313565074,-1.810550869039599,2.0117202522050213,1
-0.044930335873712,0.25020719150897386,-0.43382096152044225,0.33115254988986775,-0.8504868352556751,1
0.393885804442599,1.486742323359217,0.19626686815444416,1.7548001529065271,-2.457515291513919,1
-0.19815436425559077,-1.2762064076491964,0.8874741065685824,-0.9095859274094646,2.5776855646503094,0
-0.061866861052282375,0.46756949721078744,-0.3261896271737539,1.1484177143206544,-1.5707768964227429,1
0.9672380287228436,1.3419381756498816,1.2451604267957814,-0.6678304063307825,0.44615057523226453,1
1.239511994835914,0.4046920416222358,1.923087849522425,-3.8372309849105672,4.281432302213246,1
0.5913131084121256,0.589429873779355,2.1990861563107047,0.9591925330976252,0.6838115444559193,1
-0.8551210100462943,-1.706142756598949,-0.4508958305772671,0.12512097809072764,0.981147511948669,0
0.6947865672145338,-0.6008605070030135,3.719600007924522,-0.6907880500759997,4.310588585995312,1
0.43311727777137593,0.6087637637143137,1.4387855856765928,0.9287210761388821,0.023748243160376298,1
-0.47160581113062555,-0.9176053469220987,-0.6790783870393655,-0.45975564240853917,0.5492195330988185,0
0.34483871000463573,-0.8225622896995002,2.1277859912928485,-1.3246437943809748,3.59232185885956,0
-0.614278549260784,-1.2198902010609065,-0.5102627294627136,-0.15050651904605805,0.7208850205507548,0
0.5182235578714494,0.4162422724997368,0.5909688026114239,-1.2517892220509996,1.119476850177081,1
0.14654273378521634,-0.1882928291141982,0.015903399059508327,-1.3592851712569372,1.2194185282525996,0
0.39213196974148695,-0.5312909607112446,0.8323346118897483,-2.626875863216913,3.204041772155641,1
-0.7286258869060553,-1.278026464333393,-1.5956595236269993,-1.0947150202803129,0.5436832785806236,0
0.28689458091321124,0.4254310443087397,0.06461926157460784,-0.5440806713393385,0.10694350317395485,1
0.5405141745399273,0.8173275735383461,1.3837110338829637,0.7450660873122368,-0.06364605274615252,1
-0.767026900117847,-1.5415666646863744,-0.6794455078356862,-0.2937056170493443,0.9600306633210456,0
1.1832333950279834,2.302850554285671,1.017014180977279,0.2142879231785222,-1.2601225699198457,1
0.014566070852244591,-0.5828209732140459,0.5422181872879417,-0.8658228402233719,1.642869428426023,0
1.2918871904997302,2.1653321104915806,1.6331379153574217,0.0398348852823478,-0.46725714054528844,1
0.07513723373006106,0.025856068573573587,-1.3121013023363641,-2.186431867934047,0.5046296967268783,0
0.45340067612922197,0.20818294283323724,1.4116990248801957,-0.27642132313556056,1.2704205511113764,1
-0.06981904233280208,-0.7986336919896266,0.46502715229157054,-1.0220270171360228,1.8812962215310405,0
0.7741399986708548,0.5469370969348255,1.3655851426765793,-1.403825230749223,1.8026398040357263,0
0.47832085346934444,1.3041929895112903,0.39663524299797615,1.0403858739915461,-1.5760832594563987,1
0.8467812732610552,1.7462991578623372,0.861648623472789,0.592996770610829,-1.206590485173868,1
0.3980310433542578,1.1435599103787195,0.30373810857569483,0.9817218554063774,-1.4738965603253025,1
0.43957119257113836,-0.03352362286659216,1.3940344995952296,-0.8470918640458409,1.901411932422616,0
-0.5693123763389123,-1.5975735595089111,0.05215744023226154,-0.6381988191280162,1.9142836305900761,0
1.4408896980395063,1.8635767775614713,1.7260282220228675,-1.5248664362088782,1.0752178689499676,1
0.6175752008459103,0.9445336090864092,1.723897318533383,1.0749337539801236,-0.12820809698412927,1
1.0697240701122805,1.9423644398453623,0.9235999158134564,-0.16463243968823327,-0.7401691440035479,1
-0.6382880168532046,-1.0627796137886645,-1.9731744856680598,-1.5990824317543084,0.41382932161758196,0
0.5897650912087985,1.2534330089163297,1.5277255710242623,1.7807850396380198,-1.1084422247962418,1
-0.36324851227599303,-1.4061667944082563,0.5345309632651778,-0.7294985062457252,2.2421576923094633,0
0.1246113619802168,2.00119546283815,-2.2067119994724673,1.439880384137287,-4.767233456305721,1
0.35420059728526326,1.266801174650077,0.11836479664676236,1.315395465367303,-1.9988538621201841,1
0.209852672613394,0.23996663728197998,-0.19780806692172348,-0.9194932414852924,0.3249259564602502,1
0.6577489923702954,0.7280097044082031,2.922270862230447,1.9079585185500818,0.4704385595847588,1
0.5011913381158137,1.0210597708925222,0.2350006373915191,-0.05845340656763698,-0.6303382838473509,1
0.47126111221264705,1.606386817106289,0.24566979448553128,1.664664215750582,-2.448295967310204,1
0.3190407723015231,-0.3221777537961156,1.171271645400016,-1.1732178541427336,2.2054249151388636,0
0.39164646477268916,1.184473617451607,0.2225895379046824,1.0160388481210387,-1.6067043908145469,1
0.7369568349740241,0.6133084774738653,0.9524073164088622,-1.57094757730128,1.511242655979331,1
0.6023984837525443,0.7773750084662924,1.1472611137830564,-0.058896622598757054,0.38034577125826824,1
1.1055750733493253,1.2434612167024568,1.4681453616224998,-1.4593113016562702,1.3339856396013232,1
-1.2479389476897036,-2.4793426552083795,0.2970143083880592,1.5185221714326418,1.2352530591834188,0
0.09819776288205061,-0.1753862437297694,0.18379899607769123,-0.8020099745791215,0.9279295122923752,0
0.4559749028006655,0.10629211267558225,0.7853591934013162,-1.4159039462231109,1.6833904315311796,0
1.173060417247919,0.6971329033531772,1.6283326396816094,-3.074702488992612,3.1854618834807233,1
-0.4754471208335672,-1.0197103882173082,-0.7134631538244525,-0.7498603949848086,0.8297845418016178,0
0.23677208422162885,0.24901369510749571,-0.08384988475802313,-0.9032520282229397,0.40459310104496066,0
-1.769762292748138,-2.5633423666822512,-2.6401371659256183,0.4445179340055818,-0.44395867561967156,0
-0.4334997045842229,-0.861296406762271,-1.4244703647767967,-1.5654803237227826,0.6953409550470476,0
0.025380408909556458,-1.4209914820500127,1.9405745391875144,-1.201997369553657,3.8505432695769284,0
0.3932544009832661,-0.005332675701751111,0.877176138998621,-1.2003763926806588,1.6948832360171269,0
-1.8146981030460603,-2.7564661109471933,-2.6798324302918273,0.15929194917586287,-0.09323601934639697,0
0.47026478578435554,1.5982201095854172,-0.4112629436574784,0.7494183575239781,-2.3151012440918994,1
-0.4906366156377733,-0.9956449263903043,-0.9192430587236745,-0.8767625071428788,0.7259218669348165,0
0.44710106002431665,0.45265019671820916,0.7597162510815005,-0.4937216645486353,0.6543863223189627,1
0.550660591902365,1.5150073538376103,1.4102169591064346,2.5395538446226515,-2.019448092171896,1
0.23778616220185578,0.08157082856136788,-0.7189659924678521,-2.2162661263068477,0.9995921595312299,0
0.2290009745566219,-0.08263016740155005,0.5080676715180338,-0.9101777554038026,1.2152391866505892,0
-1.1092202943464378,-1.519868821594338,-3.14088825436321,-1.5311694047585327,-0.2678092169065407,0
-0.06529995479193847,-0.7172141013416362,0.393951706331795,-0.9344732366525217,1.6815138867087567,0
0.5069416478682449,-0.18092213938303003,1.5723469861713235,-1.396405429757166,2.6064841234520406,0
0.40019901080102854,-0.4854900686992475,1.7110071736383934,-1.3526240865404469,2.9573637824221684,0
0.4883700430204106,1.1614276704065738,0.5288962889585358,0.7881732912753121,-1.1433559894100245,1
0.26525425759735577,-0.66412016399496,1.538856170925695,-1.234894115766931,2.8702367609135044,0
-1.1075153705796692,-1.382467379239255,-3.3285666309518085,-1.4402507163743676,-0.6207478833472773,0
0.7054510154694299,1.6632033005839222,2.238442451314118,3.1207392418637605,-1.866965369445035,1
-0.635106131015532,-1.19821428268846,-1.097202549573774,-0.7715891888539803,0.6639974694611944,0
-0.4700002506874778,-1.9065150692257287,0.9304653438436487,-0.8438610634345459,3.1089766081983994,0
0.833157857815257,0.2108607964498005,1.3120092464651567,-2.712238002556487,3.049645721205361,1
-1.4318485343719392,-2.3952894570372063,-1.3540595101411097,0.5926631115585765,0.42516994179053463,0
0.961484469272393,0.698516604736784,1.4512892091572558,-2.0287626793646827,2.2264749750562167,1
1.3083515042884384,1.892596379551284,1.6985608839925894,-0.6819122548384121,0.37929876326352785,0
-1.2636961244017806,-2.1157742509649147,-1.5571675818839803,0.022306863932552323,0.44342675880093185,0
0.2351340528928809,1.063074839968508,-1.2340477296903862,-0.3457139272748193,-1.734494326342678,1
-0.5570357372287129,-1.124638443132016,-1.2795254334448694,-1.3035727687056236,0.8487855385964213,0
0.08923252098676313,-1.6162100145717635,2.422917839528302,-1.4381549121550794,4.623233745731917,0
0.9998585891727488,0.8428531158989375,1.293970199260744,-2.1008510295174156,2.0192472726498627,1
0.8790970247210078,0.3827929552702932,1.3484894616004341,-2.4927849714672723,2.764860490913346,1
-0.6316043515820743,-1.4068965755287075,-0.456370436723442,-0.4592345259485554,1.1664334312317437,0
0.4456162944408962,1.5891359412616604,0.8161001060676095,2.556893171998597,-2.6177518604266385,1
0.5678812350135419,0.44527728412277456,0.21974396607168,-1.9861981131490953,1.3323653018875412,0
1.202565912989384,0.9276619911833848,1.724882322957362,-2.520313253409072,2.6457896111334906,1
-1.344102540167492,-1.7417807187872247,-3.6220409585632436,-1.3427541420154494,-0.6427988452691138,0
0.3606300939781715,1.009593228736006,0.0233286880000112,0.47526245399171785,-1.215581390569419,1
-1.03058043003198,-1.4478203821327589,-2.872186250317415,-1.4526933015164207,-0.15456547274392402,0
0.3454111341070344,0.3012444155304599,0.5513738098093703,-0.5565164625314425,0.6505370112704948,1
0.45019751837907795,-0.7197124037609649,2.3534369314466446,-1.3870679451427288,3.749337029403234,0
0.3987657359988171,-0.09520341703843105,1.237656928440257,-0.974403487182129,1.9151942050636774,0
0.004613189822524939,-1.218709006512707,1.520738281234192,-1.1234304267806297,3.2474889491822965,0
0.4933257099300264,1.4708725751524367,1.4375811204355107,2.81011261167256,-2.1649531620880436,1
0.32694705475007585,1.0529199763239838,-0.1409185397828907,0.5678095121187511,-1.4680254121809018,1
0.49314560845152383,0.3890276002403974,-0.26538698888598444,-2.3436822391421313,1.2297633200915983,0
-0.5625530056620809,-1.204296651835318,-0.7232653422536267,-0.715769673898651,0.954347377621433,0
-0.9152923582229056,-2.407374161936458,0.17534959484628654,-0.4805679826923097,2.6003094554792807,0
0.3002301488753952,0.07774682527380583,-0.7086392178230079,-2.5913088409976517,1.2997127765588214,0
0.17887988695183765,-0.9317973074287432,1.6945909092316591,-1.1951910622598199,3.2073789902685506,0
0.972327466681837,1.0906588334317506,-0.3577602297695348,-3.5501563718944302,1.468885129543222,0
-0.4525094357357835,-0.6419757957214007,-2.2811975473319137,-2.051683558888011,0.1277818574702061,0
0.4226562953431059,0.20718906798098446,0.23163169746051282,-1.70899297339759,1.33558934250063,1
0.3141432524774398,-0.32707570231489813,1.171630592353682,-1.15575951947373,2.196571629824147,0
0.4779474334433866,0.5061137530243649,-1.194346381264311,-3.2186536933846592,0.9853928773623216,0
-0.6455753374131179,-1.2449824386662525,-1.0320744860309763,-0.740773322984859,0.7378335193533853,0
-0.053825029504858395,-0.2432167420946676,-1.317328407128208,-2.112254223954658,0.6753669642811752,0
0.6893824273083734,1.0609005106749003,0.7361693778469005,-0.41080139454019615,0.045132943306367884,1
-1.167225020792199,-1.8325883902512954,-2.2196675732468676,-0.7325265234719867,0.19719129506487051,0
-0.002742910846446138,-0.887292868773089,1.0193447996694749,-0.901215104063293,2.3512377427987037,0
-0.8677929902918128,-1.378048510996809,-2.1988072719177603,-1.336769406159918,0.28679738628043744,0
0.5973492342413566,1.3931595791769986,1.2540790223333032,1.7242885727112798,-1.4256695793237064,1
0.5837218817368734,0.7646140950814801,2.4153987156626373,1.7585822233655573,0.10895045392528337,1
0.5252785766485474,0.885064726375732,0.7262875151013051,0.11360533638097792,-0.2141377767084181,1
0.9606368987473468,1.258094676978979,1.2400043205988573,-0.8534994283546864,0.6564547916338209,1
-0.5442034169438911,-1.3112016644191704,0.05427010092897033,-0.04083057208042895,1.210618516762299,0
-0.22337254116389185,-0.496274280452085,-0.2450027382477249,-0.2735907179983076,0.42339673838957376,1
-0.2983403951930515,-1.1461094722524545,0.31941362271104135,-0.7400682251586311,1.8371621873823347,0
0.48554627297812114,-0.3635238774429631,1.8092322005386592,-1.4182310442199235,2.9885738219719262,0
0.4772589317005473,0.7507714347522623,1.7131393613289925,1.406922368791622,-0.22513571447143926,1
1.011932976944027,1.1240102274802193,1.0931373524132546,-1.7159615362568295,1.305138407398885,1
0.6613717439993517,1.0153382795079862,0.621414723736224,-0.5167509338453342,0.06511521049785388,1
-0.6133033731239391,-1.5181584729360988,-0.21656842862265435,-0.5320568216136912,1.528636589935142,0
0.3473858568403975,1.804632677682839,-0.7719307107297484,1.5399326631533092,-3.416096718015961,1
-0.13033834072596262,-1.0351812542294563,0.7361071507331972,-0.9001198889824306,2.2296504232960297,0
0.7936394887206508,1.0274573547294765,0.8365137344472192,-0.9937041193000448,0.6092474896830508,1
0.28600992151344007,-0.7211765927418938,1.7067598441066938,-1.2797370302721556,3.1011348501992053,0
0.2392218459803672,0.16740864980711478,-0.4996798112535734,-1.7006687675198862,0.722202666178912,0
0.4004773529292494,0.09884156216036288,0.11003307561215636,-2.023500248712077,1.5637824194746153,0
-0.40224633630563505,-0.7975227968418285,-1.2526316156232238,-1.3535166889291965,0.6283583613511078,0
0.12098265947193361,-0.5474624120310216,0.8434160660746333,-1.0072128108844904,1.984977403206907,0
0.6951541862557484,0.3846088500807985,1.1933931421245405,-1.58346348621536,1.9295723118072714,1
-0.14216315678088265,-1.9461249204348334,2.185479046675014,-1.2187359190959803,4.5314011839358885,0
-0.276835342015457,-1.1632827852556686,0.4092251692486464,-0.7924188400046424,1.970913718172201,0
-0.2775564337274233,-1.5917262033208437,1.1409898474703697,-0.9030558043498806,3.0673242205259044,0
0.634057110291726,0.6573637174915901,0.7487781053040923,-1.1101075672739436,0.9410483471871188,1
-0.11876434052054004,-1.2516624030824586,1.1017668541228072,-1.0341140806295346,2.8399770880807886,0
0.2715574535622007,0.07518666351997871,0.4242854463649772,-0.8717587039219546,0.9760753146990152,1
0.41882209179935365,-0.21761483328830478,1.3986769377239359,-1.1948988317765192,2.3312385260319277,0
0.28638135393806285,-0.44846791389670293,0.6902270990648753,-1.9633182356624306,2.4987975507407008,1
0.6558499776932466,2.4617784404240943,0.0008679248430576436,2.439457874936033,-3.9957522336145255,1
-0.3340683035350211,-0.5923196770299459,-1.5887436834873059,-1.6927854411750283,0.41680460063554325,0
0.5548119890791182,0.07979150053305673,1.7822293234370508,-0.7195469581223308,2.0461797184768833,1
-0.4375276625338781,-1.0525032160807277,-0.3542832654876039,-0.5736018048909401,1.0378357220860532,0
-0.5124847698039786,-1.837463763402638,0.7327562684759674,-0.676607438792899,2.7476638166730463,0
0.2126692085901514,-0.9818453576991093,1.827327452224785,-1.3490845639842117,3.4850605010976055,0
0.46630756220370534,0.8705655030293425,1.5963572932346866,1.6259028692847197,-0.5989635947465637,1
-1.4121693151766903,-2.1316061685294603,-2.0737008198267235,0.17502619182199552,-0.11306889399637558,0
-0.24721549330174786,-0.650569352914639,-0.7435003188936233,-1.2141897908963402,0.841109792081239,0
-0.2283080852333667,-0.9427905312009739,0.2371500827378341,-0.7477411013965528,1.595422872017835,0
0.7150587798780974,0.3929415727417086,3.4502949833583383,1.4093376879056678,1.605277174781711,1
1.36059601993027,1.0361559791656452,2.073482742202366,-2.7194428574160225,3.0106474425368437,1
0.7322403896491492,-0.1505777321074273,3.8411878958896293,0.42282851647290687,3.174119076530106,1
0.5672900137077755,1.3281304687225066,0.33467833015702664,0.47764180507635756,-1.2192937036879552,1
0.6517940046406138,0.36706173291895383,0.9390208349947355,-1.7143993985158368,1.8221066797894676,0
0.41543628919029313,-0.39092355259525746,1.665328014907134,-1.26107621725418,2.7654413892503262,0
-0.9160673355748726,-1.7113215032961042,-1.148529199451378,-0.4740206333031428,0.8335289038755297,0
0.27283594752501894,-0.5746363414440465,1.4033218986606517,-1.233213166126983,2.6728548701024994,0
-2.1754631389631847,-3.0230046814928797,-3.7789777637500914,0.14913162967104276,-0.8193022156405224,0
0.26323918535941476,1.284894670902419,-0.43376244062833824,1.1585773143282543,-2.37834232154034,1
1.4311796372241166,1.252535357409749,2.0694928035147395,-2.589163106004915,2.720430120804979,1
0.7594108441970994,0.37349738328992654,0.9860059651955807,-2.2867897324271595,2.2969417479261534,1
0.6159741939968492,1.1356919273901063,2.1759047771824847,2.202512402276152,-0.7619742179507435,1
0.5580251481281442,1.135741494578469,0.4986006303486489,0.2566614445676516,-0.7399344657978462,1
-0.1854691477329048,-1.4875245046396968,1.2876189951911479,-0.9896168333564921,3.1723931675975523,0
-0.394858990468718,-1.1039623943425363,-0.12004208191737664,-0.6460385294916279,1.3432507212065519,0
-0.4618482129746878,-1.5265723617342744,0.40684650400043243,-0.6196994641009175,2.149857972236145,0
-0.4712099461607981,-1.0270784140079983,-0.9749624727373724,-1.1530635759483219,0.916189264998261,0
0.48120939062430274,1.6501106892556012,0.03269678480295202,1.426524442140016,-2.490083124659278,1
0.4466660897989546,0.4362200028221651,1.0315592847510935,-0.16151212683224636,0.6520651074123599,1
-0.21480505082357412,-0.9820865310827187,0.35761104607949024,-0.7672104130886643,1.7499176527816442,0
0.06550386113521484,-0.07451722934095029,-0.16379675555694484,-0.816566118149663,0.5472091684866398,0
1.004201728793482,0.9728383478439174,1.3583602426584176,-1.6999654586344106,1.655932211626474,1
0.9328636502561436,1.0127137424159378,1.1823348206491455,-1.4038815662366786,1.2399676347817776,1
0.8324068965235075,0.5088983265138554,1.6140666840621312,-1.5164740587882206,2.1398140115088395,0
-0.9422111815188139,-1.4524586144082297,-2.552479880548989,-1.563452684351582,0.21479265418281923,0
-0.34591763885641946,-0.7411693474680698,-1.3461922700096824,-1.676783321571179,0.7457073961704079,0
0.1972586305695599,0.00936893421435081,-0.8480250051668736,-2.3352845786088654,1.0400502390084296,0
0.7451215860826833,0.4964704923327832,0.3465495333984969,-2.7553079865327206,1.9895094016878352,0
0.6109582971825592,1.1871893121147394,0.38709670280672326,-0.08336217167099613,-0.6212296457149283,1
0.44908240206529987,-0.08398261630889436,0.6462560290147341,-2.0609202344777344,2.220537918263791,1
0.14550017336457352,-0.044132548472573974,0.03411399716300656,-0.9519849303310195,0.798449402389117,0
0.9187847653739508,1.2880365195944448,1.2007559000356962,-0.575007014191558,0.38251004678419165,1
0.7952302350972902,1.1045589923008643,2.808332049983663,1.8991254681768568,0.05229638708637568,1
0.3606764684724583,0.9545996974881975,-0.026791547081841394,0.2628739685635838,-1.0491081006570897,1
-0.08203055672691238,-0.4112868687107194,-0.8271043149132075,-1.7077458538316366,0.9399647666085769,0
1.0918654297773909,1.1531330867408993,1.159919390108012,-2.0339295430142927,1.5825394135310153,1
-0.4791991878453831,-2.312391735963523,1.5576292428556147,-0.9874535333688094,4.119464817242464,0
0.3487717938793494,0.2770568400699869,0.09143960422845199,-1.2701228049558777,0.8156054359660799,1
1.513762019515922,1.7004776614471435,2.0743372384860663,-1.9156504734400375,1.8212851070042673,1
1.1952089654406877,1.0526397012746798,1.6785790320800518,-2.213084963037271,2.2615840754053016,1
-0.9830511106646409,-2.8167399234553248,0.6245501142436227,-0.5214424103148299,3.378927754810953,0
0.26762282691254546,1.2889233883895157,-0.2598382721139372,1.3807395151702588,-2.3997555009457705,1
-0.19196750060118123,-1.3796976890147699,1.1152192466402095,-0.9050897987477189,2.863283353785071,0
0.04541159839440203,-0.16927020283311078,-1.1003618934980768,-2.224786655694567,0.8881598886510319,0
-0.19915712525258678,-0.7566377061529034,4.959801345227888e-05,-0.7640468124044304,1.2393369680436566,0
0.6063195280857455,0.5902296279202937,2.1047691023084525,0.7409321756074837,0.7678760549422544,1
-0.5752601535470919,-1.2172417597222691,-0.6683145835667412,-0.5970835352561861,0.9226442830131464,0
-0.27498699250117803,-1.5514073986821448,1.043767306718822,-0.9466886459710477,2.9807431366567245,0
0.35918253515509696,1.1522233479894401,1.2299242850555405,2.5091129739259914,-1.841083023253883,1
0.4976014577283477,1.0095510084620518,1.3774083700693278,1.4984220136444324,-0.8131183542809928,1
0.48228623424079586,1.5284551809758549,0.8244370959666111,2.18734532725714,-2.274519318578596,1
0.4841060238296429,-0.31674377525910424,1.734574954232047,-1.3897457686263954,2.860869948587093,0
0.2631815881806836,0.6317888842461366,0.43987904540780054,0.6522835382610961,-0.6600242772147927,1
0.4858967314986384,-0.24596189871342378,1.624451185711591,-1.3668657146002265,2.6856480824521736,0
0.22311709168898514,1.1337669048522172,-0.40759924168194184,1.043884108438865,-2.1369577410758973,1
-1.2773307404056229,-1.9114723395147113,-2.48030516505821,-0.6266948659315522,-0.04449674209734893,0
-2.2030733894569194,-3.470470699631946,-1.4908654190837263,2.284361325425433,-0.0648273321509402,0
-1.3456456393729612,-2.063973001758184,-2.242659131337946,-0.2840265056259248,0.03260991529744995,0
0.2878819270126002,0.9243280216669286,-0.6893277446998152,-0.28168280140417545,-1.186172080019953,1
0.5571015236052196,0.5716440356130584,1.9473340627592597,0.775665131089125,0.6192023436887104,1
-0.43670677412704534,-1.05263080995408,-0.6702483127625585,-1.0117904422603918,1.0970704817921788,0
-0.13179479671428712,0.8826369735499812,-0.823368297463615,1.9745916826929721,-2.998938477781748,1
-0.35984620793260347,-1.296042614384402,0.3323808442828483,-0.739862700759863,1.9777834418654647,0
0.09543484836740924,-0.9977128334976534,1.4946145081858453,-1.1343352862977811,3.042204849158304,0
-0.8167189013793259,-1.4767957418291726,-0.9115561768974421,-0.1409764435709654,0.5833876612541321,0
-0.29935809430060134,-0.69524067423368,-0.9151205243304557,-1.2491703750823735,0.7560007815459832,0
1.6291550197744415,1.7294320504922411,2.0983109325153,-2.508053457510137,2.271859430627049,1
0.9087155257203917,0.9685874423271972,-0.23888423187833463,-3.31939281629657,1.501433884868445,0
1.3502861516137128,2.8608595152263874,1.1594936860986278,0.8504722784196119,-2.104923616740886,1
0.2601760685141147,1.1959625300932304,-0.2354290425655412,1.2169290190870448,-2.172426031260007,1
0.6132115833527456,0.04038952725910727,1.6291607843391773,-1.3866791040058946,2.457831053273456,0
0.33472273953948906,0.6056939109608075,0.5022381478378142,0.2351882315853734,-0.26278487118829474,1
-0.14034377575868717,-0.8437605227304462,0.3751541385525704,-0.8345696246590075,1.697596846204736,0
0.6137575978033575,0.5027184374384623,1.6894469338571256,-0.10148771949831015,1.1255586520564067,1
0.6730522242884102,0.9457854461845768,0.6024238262599209,-0.7951208702098045,0.32208038670418127,1
0.4160603283822316,0.9004152079571619,1.2928421885534038,1.5930934144080173,-0.8657246264146778,1
0.4944146102918104,0.9428187190555481,0.43988958643145293,0.059317856280915904,-0.4734920970534389,1
0.6259094339799087,0.5916266190733401,0.8579456026631592,-1.082533935202035,1.0723651970736725,1
-0.3417489673177259,-0.8666557262304035,-0.5185583198123258,-0.8955569250427464,0.9803982610988231,0
0.5660156593350931,1.694375526368395,1.7136874616118063,3.329912201649479,-2.5145563524509034,1
0.22090456319078688,0.5250418809847943,-0.003335804415672383,0.02339180732249746,-0.47403669047676555,1
0.640615413707219,-0.29082212039631494,2.2715148569299908,-1.536993519255057,3.4223548266847255,0
0.815574327624802,-0.02748521521528635,2.459358637485388,-1.6552814121980464,3.450561567658418,0
0.6022955234351424,1.2235898576178292,1.6325943833378846,1.7705174035218667,-0.9828402386704724,1
-1.3806199171740283,-2.352305791978882,-0.7829777963615959,1.1760526507585305,0.4412641710182318,0
0.4155972198191995,0.018634204484507588,0.5227537304080639,-1.7591051253212444,1.7920847128897763,1
0.5356102988098348,1.7120838202045574,1.6400871046469163,3.4599181540710044,-2.694136612616399,1
0.48257247019887833,0.41643024378734816,0.5754339680625843,-1.0560761322249181,0.9555237842599025,1
-0.1759977488711358,-0.6020057274038233,-0.6958019150304345,-1.454670426819038,1.0255410799059284,0
-1.0709822185476756,-2.1877175635965793,0.1902694197052075,1.058302118267505,1.2430592849444118,0
0.38645475732909357,1.134326760654311,0.04800418890321745,0.6775858951606228,-1.4568385981992276,1
-0.3857760176021543,-2.2041923791070612,1.7934357281757904,-0.9495274205050679,4.203771860700789,0
0.8738014485840168,0.4338583815056648,1.5317587716949799,-2.076350869905125,2.561983793894972,1
0.4123201855218393,1.0327586713025516,0.21250456743557966,0.4809474196812301,-1.0740369449847074,1
0.40998614425601415,-0.25127416460519014,0.7838396546447707,-2.0713585661384446,2.4935921871210986,1
0.6864638525252094,1.484250783216368,1.695957560537912,2.0260737990582327,-1.348333287661015,1
-0.04005710384029002,-0.5181291443044587,0.1658713162125568,-0.8809563850649706,1.2686029050519712,0
0.09505719063617193,1.0455856128712353,-0.9530177839089371,0.8443503831948157,-2.386062305607449,1
-0.9445874443110974,-2.4666073353994387,0.2070951223691173,-0.41367150144657705,2.6279447139204963,0
0.4521233394934146,0.7091889303112835,0.9321634665159874,0.38117318843294035,-0.08709394547959885,1
0.1555132994459653,-0.33604460847490203,0.25268432504705185,-1.4747620599843558,1.6431948352256385,0
0.30049732958686354,0.36415327605858616,0.017832371180970474,-0.8506204664830513,0.3540046388669272,0
-0.7878573713651118,-1.4279324058682485,-1.1719768602136758,-0.5455720538941071,0.623273459366146,0
0.40497183194803477,0.5202652269602357,1.4880601234756785,0.9363162665630117,0.1375156007687023,1
-0.27984593641567435,-0.9971742913232994,0.14828046951143814,-0.6983597787761864,1.52653651571128,0
1.6657962291309147,2.591342121708567,2.199956354415474,-0.34315507713514737,-0.04400475198657383,1
0.388499849123227,0.9151219480068522,0.47550822154944483,0.6790819772408448,-0.8938852594437084,1
0.3996005701952013,0.7046721090496297,0.46723474250090535,0.05140699472280863,-0.23789737758777096,1
-0.06411141705459966,-0.9017246864180154,0.780959959488987,-0.8927597372356199,2.148151173653069,0
0.7620290530928955,0.00162712929790354,1.2436121042773762,-2.9197383382114053,3.3294647430947686,1
0.1488332076339738,0.769020317860301,-1.101306011108612,-0.4067591476980581,-1.3174474222983903,1
0.4912097466379412,1.320788172691275,0.4532158027298506,1.0829140790730485,-1.5734185851912221,1
1.0138784392009832,1.2450745552396547,1.2102848145231089,-1.251506532246416,0.9470135970964269,1
0.48036437852376085,0.3015656990188298,1.027078104931989,-0.7235231474732777,1.1955767989741877,1
0.8854596728549091,0.4517877510701829,2.0145766983804574,-1.438925687909454,2.4808375394571147,0
-0.4140877040522752,-1.506132185405677,0.47824954832451594,-0.7586072288867346,2.3014155671142507,0
0.5997276649794913,1.009950948949406,1.317191801129646,0.7967666583531742,-0.3279030779787115,1
0.9647347707428855,0.6465614463775062,1.4881135502995728,-2.1335694816848783,2.3840275391819965,1
0.6775093496270432,0.5022938482015757,2.4017492561103073,0.4860977601230333,1.2997444667729559,1
0.6909404750689758,0.5081823909225549,0.08060013104129138,-2.7600723085785703,1.7498283202267815,0
-0.5635271728748505,-1.1188746007973704,-1.0994008681374392,-1.0023469973403922,0.7706481653131029,0
0.4682442172992521,0.29977007406371226,1.120647333205282,-0.5264128426264059,1.1279440836768009,1
0.46053835125550807,1.6491357898279646,0.01085739036624045,1.5195948234657883,-2.579805383615371,1
0.40834950546323484,0.4629568214680403,1.066566075870857,0.18887872934775685,0.39083933238533675,1
0.33226765348142917,0.6258006070416566,-0.3509227441246654,-0.8662834645469855,-0.183190060694403,0
0.1208970643069336,-1.023838691943063,1.650775948472461,-1.1431696722445663,3.2084805390831304,0
-0.6973667187887902,-1.1744287531520388,-1.9235233635670497,-1.4635016596102701,0.44970702948229574,0
-0.35656141048823164,-0.8325414289938458,-1.3921898610231676,-1.9134916133635143,0.9658545663456893,0
0.4094989598702464,1.3083898123536541,0.302368510048304,1.3401360603735497,-1.8923673256277365,1
-0.9428703838774928,-1.4360373299125804,-2.051736751333769,-0.8306011860255869,0.07744879648194597,0
-0.9513652685072825,-1.3954030028419726,-2.6334517838188325,-1.469970980268612,0.022811612554317594,0
0.5535304665586167,0.17263624469183336,2.383120844788815,0.35362577938921225,1.6695786967018251,1
-0.5134109238315501,-1.2742022514017448,-0.19693726360626385,-0.47547578289175485,1.2918803563382222,0
0.32907958706192403,0.4771293706866022,0.3385708357860777,-0.2901062315726993,0.10769820188070998,1
0.5374251627530848,0.9587543760783113,0.3855119216594176,-0.2348122564909988,-0.30925237577657777,1
0.948298263852798,0.9392718572034755,1.460464282123959,-1.308140462208378,1.473804348132003,1
-0.8155568165996852,-1.523209398121876,-0.9392026350770704,-0.30697223876920465,0.7265680453430686,0
0.7071560197313869,0.1978543851632909,2.854704811713897,0.13251893529889502,2.2310267828942756,1
0.8412898685834426,-0.09953421030229448,1.3616597362814313,-3.503220698239111,3.967996677607396,1
0.25920343521802036,-0.2626797055858666,1.0010065132045742,-0.8879024849137823,1.7858381174011437,0
0.047941442574691094,0.50446262536444,-0.4285496053513267,0.43756048872773,-1.1469566845146537,1
-0.3218394201236898,-0.9643676111726209,-0.11263345613506925,-0.715217178242739,1.2823432938514614,0
-0.7882419658559995,-1.512316281914846,-0.6588083035716883,-0.06030056526862215,0.7737950408859351,0
1.0031643701046815,0.4189884791672136,2.363300874531902,-1.7615358631825666,3.0624985327958214,0
0.2911154646485395,1.047007981101872,-0.06774941982456983,0.8702319364520572,-1.630799661170834,1
0.8430340137631122,1.3580024518478315,0.9820057629986112,-0.23217141872701674,-0.13276548477772354,1
-0.04347252629219603,-1.2880384421849216,1.510835522093961,-1.0258128956197483,3.2237424809004,0
0.2431902024400331,0.34590959541302035,0.17466575093972037,-0.3353249794389467,0.11191053831745042,1
0.4421917076564021,0.8006377172264089,0.7800249307087096,0.4715883183743186,-0.36881737257896874,1
0.5373634187410119,0.6048003252089948,1.5137123544409476,0.3879561077669015,0.5077969691708966,1
0.4500171683302577,1.0953146214525193,0.0044050582489673085,0.13008989360733203,-1.0413177471717991,1
0.42672831915140197,1.7252881904361606,0.2336878204508498,2.2288284863878296,-2.9943010694852426,1
1.000255446201012,1.381119800196129,1.0459201622564422,-1.0391006995253174,0.522475743543351,1
-0.58761828160416,-1.0655639430722428,-1.6295277682659979,-1.4432626935438668,0.5980405415047331,0
0.702558644415399,0.8866233812149786,1.732016412528294,0.41891089285946737,0.43224953240466446,1
-1.0303645257049068,-1.398947260085467,-2.6091716722757545,-0.9661975102827548,-0.33937338512328996,0
0.446391750742888,0.07030411720101215,1.5498496790682308,-0.40422728016286347,1.6086401766480538,1
-0.7308510159519312,-1.3372372930868524,-1.2058531801403345,-0.7016117006657203,0.6350128387917031,0
0.4412610370873339,0.42214007387385244,0.35930777787704793,-1.086394629081472,0.7843235465652447,1
0.3313425190984634,-0.14757869968856174,0.46646339309640006,-1.7580937572427566,1.8854022972915117,1
-0.4681302053592023,-1.5699665069249171,0.44349117803349636,-0.6445336367475303,2.2385023304145677,0
0.5429143793260309,2.1522471598320125,0.43862605456890325,2.91766508856303,-3.7116180861884693,1
-0.9634349464427936,-1.4540765180524884,-2.0064340449641485,-0.6907026938408394,0.025405521431521343,0
0.6086620078434758,1.0457085563666477,0.4204867401516059,-0.3927041454389403,-0.23248301537476596,1
0.5957136523934595,1.1984937479061994,1.0860446044952525,0.9962583337218146,-0.8464086174639893,1
-0.9336634744708161,-2.111200569331279,-0.34904494517004814,-0.31489581543060663,1.757689554025073,0
0.7609402776101047,0.38371187726023614,1.3373387527261027,-1.7881105566927988,2.2136038764901,0
1.0942236992488343,0.9642917663400437,1.2394661523871684,-2.431836601421705,2.1205951915512093,0
0.6927455673253179,0.08673029891363904,1.273884098261839,-2.2355354136569483,2.7575824400786306,1
0.7221080548609206,0.37603130663088746,0.9489115468865147,-2.1044634921804173,2.122328409783345,1
1.2470905585561514,1.7304404117924275,1.3503572603379606,-1.209877578141249,0.6189921122925282,1
0.16563571805571947,-0.22900334804576017,-0.07785301650257181,-1.709868062992703,1.4413310127317092,0
-0.816959668809614,-1.7527659337100836,0.14536630692095764,0.5886378352175392,1.1886399332965274,0
-0.4973471666364666,-1.6612831325773914,0.4842332738938204,-0.6494712091585226,2.3568355071263474,0
0.4743646576139351,0.18540616298320245,0.8720887888617026,-1.2024068016721299,1.5273531908191693,0
-0.4231628809052772,-1.1611747760856255,0.07221612564121727,-0.3599889169478626,1.3417532503248089,0
-0.7518371911399075,-1.226132440328914,-1.5798923261640416,-0.7967963635393114,0.2841329334386416,0
0.31319302376085034,0.9063187681359012,-0.4681258897514502,-0.17932344310635862,-1.0551807746305375,1
-0.35322706578161567,-0.956684954876547,-0.43914876432617855,-0.9518885927732685,1.1709640860824513,0
0.4020744584334496,1.6791972353951459,-0.013641498807191788,1.9194875274172518,-2.9340669271032698,1
-2.6967587534948834,-3.9505957101665934,-3.0504761660645565,1.8934690613473966,-0.718229842098546,0
1.4591319478111835,1.7707750365796429,1.8741277598564157,-1.6748134936664374,1.40024481008939,1
0.6201152275705455,0.835016650408542,2.369186552158383,1.6578931598849045,0.08491666345009442,1
0.1986501462952346,0.7918475036791454,-0.5024449189944258,0.17068584344562077,-1.2550334797086602,1
0.6283721936706754,1.0118597303130619,1.813462896603939,1.307679213899073,-0.28635303695645653,1
1.1458702723450487,0.9742244976252336,1.5625055995871477,-2.277010422976125,2.2765208288923953,1
0.4684054738658478,0.20761045959085034,-0.06520137632185119,-2.3923839071181003,1.5992678922154775,0
-0.7712320272332703,-1.5170901433058943,-0.5518152361801846,-0.029472092873570666,0.8480902948397279,0
-1.80587046682919,-2.763998116797638,-2.336727948822344,0.5560880571867248,-0.09029968477520184,0
0.33325978052254623,1.246780838738643,-0.18269846329345696,0.9778916103680613,-1.986635083881763,1
0.7147715981709218,0.2718801057974558,0.9451372693307976,-2.3367434418769797,2.387135773750439,1
0.7422381938891965,0.9074529603730073,3.413349655553915,2.535690613531874,0.2645716424213704,1
-0.5896220425991434,-1.6057889063402397,0.035050220017894596,-0.5597255829417515,1.8461606849138554,0
0.2575875953280299,0.19968806492146485,0.2815318127278751,-0.6577497802492215,0.5792230097671343,1
0.5090100479093649,0.6613649016444694,1.9776506676122023,1.3432768079897168,0.13283211894858998,1
0.2285380428634021,0.3765869188424875,-2.278428497891218,-3.52705449965986,0.38311674333776086,0
0.08353349175577422,-1.3125186713681793,1.8943066316212318,-1.335606938713977,3.818861535946589,0
0.7926556404739393,1.3962427419753543,2.4071089842584183,2.125900228675426,-0.7253143301026402,1
1.3230841771226574,0.42753374314724957,2.4291789868633535,-3.591834718939711,4.517253128186304,1
0.44274379302874667,0.5262528272340715,1.2877880525060552,0.44817691416155037,0.33125728978660307,1
1.0392320226430187,1.8927648624213322,0.8583928426974996,-0.19816375984124246,-0.7288160570085904,1
-0.14059480672343366,-1.7593886913348178,1.8545450050141552,-1.1945650500207203,4.061466070338788,0
-0.4480725044258752,-0.9312411647043898,-0.8116718416042794,-0.8198904350917993,0.7210341816590629,0
1.1468317275663098,1.0776851673766918,1.6696349463673885,-1.8662209137416346,1.9659808136415167,1
0.9199262885553361,0.9138889938874208,0.004381725971326578,-3.196874093251968,1.6679730936343184,0
0.7389612947491678,0.8643101337144412,0.9313269449089173,-0.9573003459444382,0.8052755132605218,1
0.4226529995571943,0.18902509288214697,1.5907394800593597,0.10562042656485127,1.1508336132820427,1
0.5796063780758545,0.6611494733083567,1.2729088460940825,-0.05150251239886616,0.5851751278546402,1
-0.13260417291504747,-0.7179817046371483,0.044065013026687305,-1.0070868651110874,1.4310534644357487,0
-0.6849797307408672,-1.4451183267840726,-0.343154183251839,-0.07968120486405073,1.0074843823554045,0
0.1806057384057849,1.1069377863371483,-0.9151156805190894,0.5367763495872528,-2.169780182449045,1
0.2965296536505226,1.2641259283601,-0.01776802029996616,1.4721459593875634,-2.2362004761801972,1
0.35484748016929096,1.371631352456885,0.4780660094545278,2.077689786789655,-2.3587830619336403,1
-0.38587525346660434,-0.8611273591424529,-0.5343761561562937,-0.6348329035379563,0.7617059373041479,0
0.13899102154712636,-0.3225254147766601,0.5080391055574863,-0.9893262822727026,1.4829968276850758,0
0.48216361861402385,1.4992210900852918,0.004205238581898585,0.9881233669223631,-2.048458812342097,1
-1.7750063067371336,-2.79002676676435,-1.7890509829125674,1.0510762271254355,0.032662752802418184,0
0.0036405496901100102,-0.022991715754790087,-0.21502925158737485,-0.3766682090589122,0.12028227305448265,1
-0.6095102956621938,-1.041566644592806,-1.5269428451618658,-1.1071804882018421,0.40942163914037794,0
0.6970191306906683,1.3746509363179746,0.36067200401798905,-0.15323712382013022,-0.7525872568142012,1
0.20518857831002157,2.056699253481119,-2.3406627950655516,0.9118044368254701,-4.527425082913927,1
-0.8853682049140833,-1.7655766164326174,-0.44229043465629103,0.16557418587760497,1.0089523878964253,0
-0.4406113881138135,-1.1439811499636525,-0.06362707448092153,-0.3952834642639893,1.2348647152404748,0
0.8222297082866792,0.7574856724856702,0.956425746541625,-1.7072313138904858,1.4948956676035847,1
0.6014270675789347,0.12649323990899375,1.4227991502650217,-1.3732388152011412,2.192230721943932,0
0.4513180316739274,0.4109855018618027,1.5887402397206811,0.5077520304696591,0.6489577673876502,1
0.5725171181507454,0.9926051298558801,0.3218438113679798,-0.4468525589868122,-0.2316086658312642,1
0.1704891255555994,-0.07673257353988616,-0.22869214472001909,-1.5488157776480005,1.0540530266782664,0
0.200435193574944,-0.20599117661255162,0.2059680470843368,-1.4723444154838938,1.4881223095341416,0
0.11149603060707253,-0.062400498246127145,-1.2661953054664736,-2.574548157078889,0.9188568230298032,0
0.6016126952201364,0.4561156964912423,1.8183850633533933,0.027355435640228465,1.1799964077544882,1
-0.6652965109566742,-1.5330960523190846,-0.14018129589474793,-0.1506201720751006,1.3158481227312342,0
0.5058310877260096,0.9475338898532537,1.4664624144335408,1.4086855932741265,-0.6126409837088223,1
0.3180463220078538,-0.5682875844599927,1.5650252783820702,-1.2696785311744814,2.837162613329271,0
-1.9868713016706698,-2.885272605038266,-3.41275909499925,-0.13519618585902027,-0.3988580339387714,0
-0.6068982404843533,-1.1353802385774594,-0.9685586421051634,-0.6027581259405232,0.5930403697831588,0
-0.14853786298833266,-1.110198519590306,0.7909875708110132,-0.910081380923468,2.350169210923852,0
0.8157705414590272,1.2359235520118637,2.155360516281585,1.2224630063533486,-0.1145253564255202,1
0.16418226038502737,-0.5320282981422428,0.9495220093173242,-1.0839373938042725,2.123576829897155,0
0.7887063322705058,0.3984285419624598,1.6454146355260373,-1.4962822494371866,2.24715858473898,0
-0.2824993446344317,-0.4932935580809774,-2.0009120855918234,-2.3123325566455493,0.4452462537796195,0
0.8491170900669339,1.4303095834316666,0.9092374013228519,-0.18020335133291865,-0.29886317735111156,1
0.1401567943258727,1.62321128409613,-1.255831818492394,1.662261040458389,-3.777736569562937,1
1.7005734112606163,1.9089065074025202,2.4542737974277506,-1.9859704713407185,2.028536504449918,1
1.1402489852884379,1.1932941434278872,1.5840167164677512,-1.6419925142466005,1.6190680328925495,0
0.5459321761720197,1.8222340329149753,0.9767021526091253,2.7757104040079854,-2.845991097106185,1
0.7307224659667062,-0.01661636670172606,1.1804215444799466,-2.8637727982832217,3.246853412868531,1
-0.1712486398209108,-0.8422225898860857,0.34564995047543623,-0.683296648214245,1.5543261499560759,0
1.0099527526666254,1.274313627599318,1.1903246509844905,-1.1787458381328038,0.8484449832141225,1
0.12130906229572552,-1.4310355579874117,2.2409978919886555,-1.39918222848972,4.2739694586253485,0
0.2762628860556389,0.8810394475353831,0.016470554597632914,0.6429071245439106,-1.239271987373982,1
-0.9173178446051495,-1.3764138065939198,-2.3853364251347746,-1.2872901768447786,0.08384249007030965,0
0.5530935573705127,-0.2808666790807519,2.280862480665812,-0.9667086704899928,2.984389940220034,1
0.1194120139181742,0.6604008410281197,-0.415960055185403,0.427515985756463,-1.2627992543825692,1
0.2512079128499333,0.3310790304420841,-1.5950292944537372,-2.847173064737399,0.5000497887113247,0
0.5118454414193881,1.1668708936009073,1.9204982057004045,2.566295603241638,-1.2919918814175007,1
0.6355773277304594,0.6139696246190856,2.551954249596057,1.237816322921816,0.7583007283404888,1
-0.2566754859328169,-1.221839840529362,0.6464178213127493,-0.7426320516673055,2.191263193763212,0
0.30007321700689815,1.177459397119478,-0.566647337129476,0.4726074974153054,-1.8758173470213244,1
0.9903174525549364,0.762108674674574,1.6140428010899424,-1.8150204347209564,2.1503170125087103,1
-0.7053408070661081,-1.2669912049495728,-1.2309155923506403,-0.7076416346977515,0.5570313285631597,0
0.8847623681563583,0.35860562400988305,1.434089554222101,-2.4730073181296053,2.8456297235709296,1
-0.8475964398737726,-1.6438275210635585,-0.5564657109894291,0.09733470970492064,0.8561022027408329,0
0.8840884030432307,-0.3173554082596618,3.0682080861936205,-1.9933223886220441,4.49406061404194,0
0.666840995734828,1.4541305206005593,0.6296909863045473,0.605896957529269,-1.167736664026096,1
0.842603893594018,0.6247710871700984,1.4711254170682548,-1.4719915713653653,1.8803192884507918,0
0.6441961962768711,0.7377825791279949,2.771382379048735,1.809037828104349,0.4055799518118433,1
0.4226532300245851,0.018711095659278754,1.04994924462111,-1.0794995819426945,1.7329002016276374,1
0.46141777228750575,-0.37257361710415837,1.7422843800285803,-1.3870241937495145,2.9137293076568826,0
0.31303328151065907,1.058938763166441,-0.2305544760356315,0.5452047313525267,-1.5344834745487685,1
0.9829736510984004,0.39415030288300335,2.3665256008445166,-1.699288462946443,3.0390029363289877,0
-0.3033391277114458,-1.4514779587544766,0.7803861650614762,-0.8746890102984259,2.608274166056751,0
0.4276708333805054,0.6383946915815051,1.1428760496384047,0.6336899089575234,-0.03495588005595564,1
-0.11416834153631168,-0.6456268105677958,0.26221962740055615,-0.6314481137971907,1.2716965939553233,0
0.3859512161980141,0.3185304620663394,0.4491430101395175,-0.8976799444206633,0.8077336267982114,1
-0.42976038645523246,-0.7919084927388207,-1.3418717614500302,-1.2940411661722067,0.49961767778627025,0
0.08699972327734634,-0.5447055450985339,0.669600017322981,-1.031774190186735,1.849013010998968,0
-0.130519307894277,0.2882916874740358,-0.3237700893158284,1.1010325878081346,-1.3775627293135229,1
0.6595320207152583,0.5305725137024632,2.1627533107898946,0.3416095693345419,1.1766095971378892,1
-0.12443371249206406,-0.41463450658928236,-0.5341764508381681,-1.057657770793801,0.7009398400065936,0
-0.45608973919202134,-1.667700255103103,0.6038930210141209,-0.7528281889976737,2.546615504735913,0
0.3040785350384747,0.1874376544152383,0.27070771174092745,-0.9868668753055623,0.8328299394752003,1
-0.40774052003383093,-2.33894777813106,1.8705477473033214,-1.0619853310059306,4.473990659049129,0
-0.013933553735100562,-1.1026960114378188,1.2876558843506956,-1.0275172634720102,2.8693607507570635,0
0.4153041907275718,-0.37114919881197683,1.5162202716817272,-1.4129724842529336,2.734159420225061,0
0.9524137126596602,0.25061433973558844,2.4859282866055548,-1.724511925505139,3.2869541256714863,0
0.07451568808104146,-0.9309566224701853,1.285741651283823,-1.119326642055821,2.789897703644946,0
-0.8104739415735144,-2.0545268100754726,-0.07873968425950162,-0.5448714296285859,2.122278938082291,0
0.5002380095991555,-0.2637340531007698,1.7247812006311467,-1.362863183281188,2.785901981412091,0
0.3223008274070586,-0.3035492984602083,1.1251836152201018,-1.2075666992350524,2.1752844402455325,0
-1.310540120142711,-1.9271049228843131,-2.530805241903038,-0.5349777825674633,-0.14566400050658554,0
-1.3893762638451506,-3.1975980744168497,-0.18984380177832327,-0.1629980793908522,2.7184234241116254,0
-0.9589958112636257,-2.592230866225452,0.24080683799392266,-0.607656166457827,2.9147753827986276,0
0.041646857222436814,-0.16090846562296401,-0.9350032076810076,-1.9535727919450196,0.8178587526399472,0
0.281306984414508,-1.0029808984142456,2.1473412815407165,-1.3826262438566146,3.809679237984789,0
0.614419519046751,-0.13679059304638364,1.9058968756561483,-1.477035342478596,2.9227715402955625,0
0.6565232841100913,1.0497796440950327,1.458496836566385,0.7493270284326543,-0.20196009192712813,1
1.138625393838626,1.3584856237702305,1.4473563202657806,-1.3884795518347854,1.1621289309308804,1
-0.21369134197518747,-0.564490049720294,-1.0228787793300114,-1.5760008342283165,0.7994213563221315,0
-0.1264278371712366,-0.9547154174395052,0.6498379319345267,-0.8321733618865634,2.032411188736509,0
0.2786441559622665,-0.6396776480143089,1.5696787603329034,-1.2102281758481856,2.8572450014338138,0
1.0271039593652542,1.2053653982501442,1.0479171737189652,-1.6578420679289683,1.1506702683056609,1
0.7288694135062909,0.7402704730681233,1.0275679122610861,-1.0877025181056685,1.0967892999700317,1
-1.862542775834964,-2.8255637264107167,-2.346485052804451,0.7263014189508727,-0.1763209187720304,0
0.5933594779577015,0.07972480180581998,0.7085179817258298,-2.424795509611788,2.4130390281918155,1
0.5485935220952882,0.878034230948461,0.5514363577051108,-0.28586723686953863,-0.05489946191718926,1
0.3439161237962056,0.33925139467817333,1.5378949308079288,0.9032274611255764,0.36284030220062546,1
0.3564951474062618,1.0425434964087748,0.20335615052183398,0.8329561829560332,-1.3605954042187298,1
0.5919811830493884,-0.01952154472253964,1.6917407901341464,-1.3282837467906106,2.5196149106745858,0
0.4434299848807238,1.6464735132379564,0.4697510467758572,2.2452302421761248,-2.731841955898357,1
-0.12438336644141104,-1.3907163503518158,1.3694812383726949,-0.99592417283148,3.1654679179303695,0
0.3760910911997684,0.01812473167615214,0.7278006030767965,-1.239604019949104,1.573738846887852,0
-0.4803523012920905,-1.7731158157037434,0.7111314980399737,-0.73352854535618,2.7168356083302996,0
-0.19310889255088917,-0.7887361697230627,0.16620095309642835,-0.6568745497339531,1.3305184740331917,0
-0.31156168015314206,-1.2132540752917662,0.3654278685638993,-0.7718740087153553,1.9598715231196129,0
0.19839514940895023,-0.18729692492281003,-0.04738698671547292,-1.7582895121606075,1.4692048138892488,0
0.12393620738265863,0.2201331435217223,-0.010667886816805527,-0.1930827525461044,-0.05120295364328052,1
0.4675082985875774,0.7247603765985882,1.447646975040604,1.034567694624401,-0.1498115202735759,1
0.38273188409809705,0.4803322618457295,1.1868654585775298,0.5545827762125342,0.20074236240317098,1
-0.3449979683637475,-0.7941678492779116,-0.500391827267243,-0.6618643190539324,0.754457035094115,1
0.3825640944009746,1.2026556756805251,0.1293247721330223,0.9908480338309482,-1.6848586960681726,1
0.5970460836087645,0.7513517099708288,0.6871193520493744,-0.7246619929725109,0.5101090215267002,1
-0.8428562286435917,-1.5656163378340429,-0.6957192397369096,0.08177332091330092,0.6784178151765438,0
-1.6755621783077217,-2.4162103630226954,-2.895751753711531,-0.09396889529367003,-0.3819412412284568,0
0.5342913289723988,1.1309703751430027,0.9004391601408809,0.9388667074854419,-0.9068629863268558,1
-0.6808077588354473,-2.0710391924459746,0.5154226859346848,-0.5613913976302897,2.670265448283569,0
0.5238498756573176,0.03203705131171675,1.3232828620225887,-1.2848320192926652,2.1186505049267503,0
0.3545084307263586,0.10520180953943836,0.6220223345300806,-1.026322966950644,1.24217200031518,1
0.6182722219867407,1.2091339499206115,1.675533218700148,1.694612472466445,-0.8744669659526408,1
1.1132756332612832,1.2936938789670642,1.3374794117985689,-1.554063414908137,1.2487421874237559,1
0.9200729451028191,1.4167267344724976,1.158843518470887,-0.30458066998230215,0.027188431067981814,1
-0.6001018824754427,-1.117464723156721,-1.1361251853044014,-0.8268671791675786,0.6025826989632083,0
0.788692238062897,0.2896313371900805,2.2975925095985934,-0.8864971500882284,2.445120318751187,0
0.8022011448358863,0.05322355822209124,2.250549009078408,-1.6496189390707818,3.193438585780619,0
0.845788712561706,1.9817017512135409,0.5177505472963166,0.7418980263730262,-1.8256019983630107,1
0.24239494144298182,0.2698855822766201,0.3560923203779748,-0.28023909835903704,0.29436496096596987,1
0.17555359004679874,-0.3007509239150643,0.6881773913149045,-0.9077829506970679,1.5596113184622227,0
0.6572628800338575,0.45502295550441085,2.9503395975271296,1.2373197305899302,1.2452382157779907,1
1.012582784731644,1.7705675240382164,0.9962784629096268,-0.1661563779701407,-0.5269855971141226,1
-0.5516241292717483,-1.607309309105049,0.20708400823803585,-0.5587633109509094,1.997602101684545,0
0.7061917970799642,0.25134946157212523,3.3429582765318075,0.9468134268109498,1.9882417523919282,1
0.7125392626665495,0.455996728190433,2.7700629827211767,0.6571936643762386,1.531422480858331,1
0.38959932587014984,0.008904054092214064,0.7084111086649136,-1.3722524321935807,1.6664721862798018,0
0.26476805643285317,-1.0139963532106997,2.1151816107215673,-1.354977768451978,3.7697695773384385,0
-0.3881971560285533,-1.0230236311191239,-0.20099622180970722,-0.5862853652169937,1.1565510670589019,0
0.2982683764562161,1.3434096395026254,-0.8396822412511777,0.5423678379949353,-2.312016644540315,1
0.6386038273406275,-0.23236369377630972,2.196052138151309,-1.4756809087254916,3.2586771744278615,0
0.11781907622098155,-0.23337307274828967,-0.19934112736378995,-1.5973183590197713,1.2522043022187836,0
-0.1988749751177348,-0.6479663936270399,-0.7386276919741405,-1.4942919596529118,1.058053940872751,0
0.5342118089722528,-0.7738705523951624,2.621597285621645,-1.6711631775114264,4.249229390768331,0
0.80755524051272,0.06453709258796791,1.1931615382328813,-3.1012401171270088,3.370187099373347,1
1.4222797950437764,1.9912751993770617,1.6919216568208495,-1.1254940607377413,0.6286595898083572,1
0.3699692256495358,0.11193003261356194,-0.3677456169192631,-2.458642772998796,1.4673683823468293,0
-0.9665308493212311,-1.843415759251058,-0.2810506881029744,0.6763327036699422,0.825640442763545,0
0.6912292834605572,0.7998538387581018,2.5920969708636257,1.439694028120728,0.4781706282147945,1
-0.9531006976881017,-1.2958900308955916,-2.5579219557964605,-1.0963917366895144,-0.2834819932942117,0
0.09603687569775762,-0.34812825787907065,0.4293760848754783,-0.9030192489144411,1.369888034195186,0
0.9789734356007983,1.7800347425610445,1.0979845506468116,0.20198048534782354,-0.7284293029632446,1
-0.8452410148297373,-2.588236607468902,0.7625617821222722,-0.5732572418181131,3.3424946984868047,0
-1.4049987037728435,-2.148392840877542,-2.1704370043417973,-0.04483384520545408,-0.014719638900044133,0
0.11471344605489887,0.7775382892977305,-1.5669795377122009,-0.8153060213349974,-1.419707258706054,1
0.9224933469860199,0.8210285703715382,1.0193456104990513,-2.0641802130426674,1.769111158217408,1
-1.70294701188938,-2.3785040539484936,-3.0344393745722265,-0.019313728819884912,-0.5933912593989792,0
0.6179170781787104,1.2943001779446006,2.319215928164094,2.800754879787083,-1.2322113905082552,1
0.0026730420579370753,-0.36820117181741463,-0.45685167336680466,-1.6025152560648888,1.1467342434491656,0
0.4397104426487986,2.2283709914803778,-0.1796817484791362,2.8958908962963057,-4.302847408013317,1
0.39042222405505467,0.6079622494738542,0.2656982984520313,-0.4212109805586072,0.0314642967370784,1
0.39220397581477673,0.013667042490176584,0.7521992061045555,-1.3156571764354545,1.6573372749404047,0
0.4965591052356398,0.37457323161156664,0.7674168061288146,-0.9871776794190626,1.1071480183248936,1
0.47612906460085214,0.08076137965980679,1.0124384491999554,-1.2937936816295474,1.810873254653636,0
0.8920466080865566,1.0346123161944336,3.1825404495533136,1.6413878150791246,0.6385924405823123,1
0.5999874405388155,-0.8728491098757536,3.0585834606396993,-1.7301135901561566,4.7631106276189,0
0.6386337159561039,-0.2883917312260711,0.8758636715496769,-3.4306552434530753,3.6492953771469856,1
0.2966369757171512,1.3169394919876454,-1.0657684214625989,0.1734947422195927,-2.204409730171482,1
0.6289276086879564,0.47584818126906603,0.028187097833157537,-2.539618991800052,1.5626214986738292,0
0.8123206500013755,0.7035943840064105,0.5106743684384951,-2.39829926810092,1.6807458509312416,0
-1.1128949647155084,-1.9224715737788562,-1.0869839374255472,0.25485711094757546,0.5104898133639229,0
-0.5682200471442636,-1.37559241815097,-0.31862192661673006,-0.5737939745915117,1.3481148901703723,0
-0.17518998728602114,-0.29935896067577183,-0.6439137467994023,-0.5990806914929816,0.15335151718528223,0
0.5439488788615288,0.57907254450561,0.881316255790948,-0.5855235119132689,0.722348172955605,1
0.32133688206437755,-0.5109787499204217,1.5296462291775592,-1.1886494152204938,2.6945009808279727,0
-0.041626059488352386,-0.4344534630548832,-0.31199895845832215,-1.307852897918825,1.1048577712733403,0
-0.7452062334579149,-1.3612878526365289,-1.3286366048792262,-0.8453789154239574,0.6584043169322906,0
-0.24452810490327817,-1.1869702551980894,0.5570566545299023,-0.8478741763098809,2.163551227927183,0
-0.9269103806759466,-1.5858115203135439,-1.5336018998738257,-0.6083457982078813,0.4905717531543787,0
1.2552528147240627,1.6417119178568684,1.7149232933865095,-0.9914273027764521,0.8476718079483408,1
0.8976536819046871,0.35168738584405346,2.1133705291126423,-1.6387283479773607,2.8071779286683545,0
0.12620619493577523,-0.9080067945981154,1.4568095481298011,-1.139014449586767,2.935216289811472,0
0.7775089486293688,0.6184453071929544,1.3077008320257835,-1.3170673339265813,1.6235907956425466,1
0.48929724087453424,0.458708773565881,1.0132146127371766,-0.38688032672921,0.789488642194423,1
0.4997434420468917,0.8744598252972062,0.7863370347688357,0.3232838968030344,-0.3132062113169851,1
-0.5572864999705883,-2.0632532767909884,0.9400066795158031,-0.7095369966525602,3.149560047276533,0
0.2939289616278758,0.6118686263293693,0.3087095082851137,0.2338971905583671,-0.43684137965797143,1
0.22113436760067767,0.4949532093114871,0.13487201259773784,0.1328585182302826,-0.4108558110109863,1
0.5832259598469147,1.335713686728592,0.03835503634876525,-0.005317441526907607,-1.1151372931401602,1
-0.62975556598761,-2.0856485267311955,0.6691494759718422,-0.6989274588260899,2.923216746546751,0
-0.26981313305933485,-0.6498319577028946,-0.9265480805725728,-1.3258078157249833,0.7655896080033257,0
0.17214689696408086,1.1717094971025015,-1.7320542391998455,-0.36210873561255963,-2.2524112805628738,1
0.6160851515134198,1.3070289161719506,0.34406811267062576,0.13913760055307134,-0.933117936974811,1
0.43020814241781763,1.4632428818412453,0.7945959605072885,2.292631600804606,-2.3251886241310555,0
0.3259598418813085,0.9957496615458761,-0.23761976043592337,0.29220435006164047,-1.292018121374221,1
0.3534868571629186,-0.09981503078352771,0.9360194976438831,-1.1247000286731024,1.7699692071096862,0
0.4306782782471545,0.057974661443361386,0.8991511249808372,-1.232414500344743,1.6840963055025195,0
1.5513982088707838,2.5483654796122077,1.840364120287218,-0.2531652971933416,-0.3913088398811324,1
0.35308017879032166,0.03472417308458997,-0.2739222823714257,-2.4289196556108443,1.5934783627108629,0
0.40804447921321707,1.0846318889182645,0.4902456073232383,1.0227207910832452,-1.2909332047719646,1
0.3121282659092731,0.029168284899363517,-0.12890180227655035,-1.9960371460381552,1.3933080275327048,0
0.43374882621611477,0.8736085762125372,0.06840287995404115,-0.26172431400010443,-0.49320726195274395,1
0.5880867616823865,0.5021066687548614,0.23704220429196665,-1.9369748097218291,1.260717643721863,0
0.7793412300727638,1.1684431756392022,0.8744528534823922,-0.4871554837755008,0.1321678371162347,1
0.11539697899257273,1.6010872009180885,-2.767856588251071,-0.3165494081297586,-3.566325385893915,1
-0.58400053234886,-2.307601439455537,1.1753540662325708,-0.8622260347221455,3.684003693147798,0
1.237087590050258,1.517288383609146,1.6064968065517649,-1.3541956212985917,1.1383214623323932,1
0.41184075936562714,-0.3443979014794951,0.7384419653897512,-2.387715362695014,2.77689024792202,1
0.8214472920510711,0.464292136278866,1.2149785611002932,-2.113014923973168,2.286043213339953,1
0.44990000083919635,1.2743705669100573,0.8896842045227318,1.8106703249826797,-1.7089833952582059,1
0.29709334715148283,0.15314643363339064,0.24113879510865022,-1.0743993150802216,0.9036579319167756,1
0.47357963205486414,1.7095870043048362,0.43022413368322154,2.1726048613772653,-2.7652546230225834,1
0.14880997104271804,-0.32389772600644917,0.24853215174814935,-1.408058564730445,1.5778891042148189,0
0.3513356594432505,0.9579126278717637,-0.10383942569727345,0.22268579969410818,-1.0887000281076384,1
0.6703337303063543,1.2826797244174508,0.3612589324575195,-0.23026839312941993,-0.6135874860761491,1
0.29611682092866054,0.2190706608452231,-0.8982604407459707,-2.4574872158032877,0.9087661938382962,0
-0.29495104052043186,-1.8922247710555193,1.54176061148193,-1.0321714064274123,3.777214131792517,0
-0.07159932275674641,-0.5129853402012301,-0.13227313130162233,-1.084443358380211,1.1588333521590295,0
0.3059573986647228,1.5515241120637893,-0.5959197661475757,1.3724619962684181,-2.9147862257589603,1
-0.3449451025962614,-1.09140124271207,0.5109066480715965,-0.051999793781004944,1.4299328834219047,0
0.31725489024620857,0.140264671411789,-0.6069016453769309,-2.392249954939925,1.1822393956419743,0
-0.8211811680127562,-1.4332319381165877,-1.397531131343359,-0.6660313540185812,0.5224708104057386,0
0.8383272198447209,0.834289589847798,3.315967755019154,1.6279032675903229,0.938848254555249,1
0.7440045206946914,0.2820564630372524,1.7337236434848293,-1.4073688305369585,2.3568213120940995,0
0.8943078323247583,1.2062926664437645,0.9347061153487174,-1.0040646184570563,0.5489555433898645,1
0.48172660956189145,1.2483527288091385,0.12002515527788271,0.4950975853245926,-1.352074307309307,1
0.8289797564080261,1.037647629539205,0.9579632641192198,-1.0153568912747213,0.7235729809691693,1
0.5260940476926628,-0.284233834991259,1.8329426155722395,-1.4251742486180896,2.9462592489182233,0
0.5681034765159771,0.8557127806635668,0.7035781702957762,-0.25413778519800123,0.0734436324902429,1
0.1284621078777944,-0.3128348431263912,0.029185889805466436,-1.5561355489331157,1.4895988524123118,0
0.6925398472905413,0.5072565823171351,1.1668488184054446,-1.2840442812348842,1.5706974656820079,0
-0.7473420231100748,-2.1856490891967875,0.42495660539783264,-0.5802163616902445,2.704293697411528,0
-0.35724788953533754,-0.6682575294410198,-1.520640091585601,-1.656789038884568,0.5144514836294687,0
0.5410216401374908,0.8129377758470682,1.5283845602014232,0.9287362350889611,-0.07391068966526307,0
-0.16113751527308065,-0.7867921499690402,0.7051335814054167,-0.1076275918526558,1.3800374064482472,0
0.4578026992155829,1.0560589740978092,-0.28286570739831474,-0.41314293035228555,-0.8425491171127255,1
-0.8931695182606805,-1.4911312979064306,-1.4557467556668953,-0.4596303112428177,0.36302265281520624,0
0.615298164786574,1.2220283709599624,2.158353038518739,2.4077677051559494,-1.009372283399037,1
0.7278225436729154,0.8225590406603147,0.7903365881750951,-1.1917134318297398,0.8975285148018313,1
-0.4427033962259029,-1.3462749832381498,0.1268793967486328,-0.6492390080230142,1.771387495971233,0
0.7899742160839073,0.9127040810122699,0.9025844380526162,-1.18024541133493,0.9093625534960235,1
-0.12023452962076671,-0.476700823368879,-0.6273316419847623,-1.3726718310504764,0.9145203858579378,0
-1.95377997705192,-2.7238610619249517,-3.463241961670902,0.015700024316435135,-0.6982239646724587,0
-0.3251797322919415,-0.7878585494154312,-0.7423888337498041,-1.0972963808090996,0.8708883762852794,0
0.35018402943946236,0.23803142422491586,0.3712201321502999,-0.9971930735632241,0.8852314252874918,1
0.8138600647156807,1.0272562791225732,0.714188731633114,-1.2846107949400585,0.7253541308189974,1
0.977965847329874,0.9880360159399335,1.3718819457422122,-1.4824721007199853,1.487794206556624,1
-0.7595173488436053,-2.1349289697303178,0.26908549326530284,-0.5875237304805121,2.5294306249705185,0
0.1117551790464187,-1.2054052935611674,1.877546338863574,-1.250566753022314,3.646464006510464,0
-1.0680537179657281,-1.5341338740963435,-1.7845176117199144,0.03984341402353153,-0.2714198848018043,0
0.6843374942817292,1.239649426667874,2.3624337482351905,2.3140503532007073,-0.7737017667974989,1
0.2756635976919322,0.6695026182880234,0.09477571085701986,0.20206219460780428,-0.649771080231042,1
0.48160881929938154,0.9540926137314772,1.3048347798610702,1.351463310682981,-0.7161377940691523,1
0.47360580653724615,1.1305390394684474,0.4342694616740985,0.6676283335946105,-1.1071882905700807,1
0.717234191129646,0.6529525458954286,0.8851607541971662,-1.4398958387824432,1.3174992859712764,1
-0.06358049581883744,-1.0457008569786699,0.9869410003587562,-0.9893311115580636,2.5271524755196926,0
-0.18078398979473373,-0.7234755705633834,0.11367659104023775,-0.6334580981039009,1.21016307275064,0
0.5996046079837092,-0.42754529756719384,2.3744723304232274,-1.5035096585210002,3.6049589094024563,0
0.5356213860758048,0.3334843136796535,1.7745096620960092,0.0481393338008671,1.2314151496408094,1
1.3137382647534641,2.181010287957669,1.3936339315484367,-0.3800896572323853,-0.36862443355443525,1
0.4496073916827124,-0.1699062964320286,1.121504891448828,-1.6371387117094827,2.3863144918754218,1
0.621661523527554,1.297371960686538,1.7536366322320678,2.0111865024644753,-1.1250330873709735,1
0.3693818063302511,0.6825815600223815,-0.15087641267922547,-0.6695068191424249,-0.20774753616227476,1
-0.805778255623065,-1.3258586766727933,-1.3777874766237668,-0.4524559390581725,0.28323873485147677,0
-0.14538000782571697,-0.40147768297318887,-1.309756624117754,-1.958676697052748,0.7007645924876077,0
1.0887892130670338,1.6277253340647566,1.2457946686069208,-0.6596966535937215,0.1938032544731669,1
1.0602450069302458,2.2634364199245853,0.7587162002233784,0.5045110631842205,-1.675305668498651,1
0.4115927732066523,-0.008098743080953152,1.050422148088957,-1.0816121097360651,1.7580753753698664,0
0.4861641859928268,-0.1565752981166426,0.5390770283983272,-2.62229599882603,2.6199345344680984,1
0.6022699730879648,0.6312685497341736,1.8652668812278599,0.5444516404926651,0.6731766773316126,1
0.08342025133081628,-0.6470240214384384,0.876527962730904,-0.9934284688325037,2.0893703982551877,0
0.8575842804934672,0.3442941194842565,1.0706533877910176,-2.843192822903724,2.8232984765570137,1
-0.03019806543040326,-0.31279350067535194,-0.15406436216820563,-0.8435525407039626,0.782106388376688,0
0.6022415517090358,0.9150076405899892,0.6180915580639812,-0.4239093870436864,0.07756045311405445,1
0.5543177791549485,-0.981344360533132,3.0997991205621114,-1.6792946631133479,4.85390494298272,0
0.9348771466824459,0.6126464580155633,1.2610436450305156,-2.351794028564634,2.3816073221624094,1
0.5204289641800817,0.40974159551531264,1.4732026390155326,-0.07348218901329928,0.994680181678597,1
0.06955688896727263,-1.1216712584090311,1.5942594480396888,-1.163994885979744,3.2593356175678445,0
0.43004955178958826,-0.13300606234738654,0.8149839644722209,-1.8420494655119894,2.2428825620292967,1
0.6440407232053426,1.2388548541281301,1.9522977391988203,1.9948116031784948,-0.8877441414594253,1
0.8319750579374485,1.092110026451731,1.044667497027964,-0.7727056724957748,0.5664208915358132,1
-0.015288238963252971,-1.6825398230009379,2.148129148488297,-1.3528814989379843,4.374074223906175,0
0.4542584242468406,0.21421521084496042,0.25795170723473326,-1.8465245729015254,1.4581324566772342,0
0.4833080758788405,0.7432362772018415,0.9289126150916149,0.2761451807443286,-0.038744852521051795,1
0.5431493861015908,1.027447390484714,0.4939686897381125,0.058185797603308886,-0.4982409734875302,1
0.681829505022488,0.07457753175216153,1.8364911615848674,-1.4301728615447349,2.643516782152427,0
-0.58768998163314,-1.0867365440397379,-1.2372942740566706,-0.9606947405718873,0.5900231713868714,0
0.6541259439212743,0.06424517480644654,1.758092516304997,-1.396288122714464,2.5576826306440577,0
0.43071471196716293,0.5599007070947826,0.41604856394706513,-0.5852853267738185,0.33068944972237796,1
1.0514149829514408,1.286510623010387,0.9757588472851094,-1.692681895013352,1.0440856289250804,1
0.35493832757916893,0.3856281259528438,0.702188761933271,-0.18765612039759305,0.42694455774189477,1
0.09038283615816317,-1.1116795282921106,1.5954054014050316,-1.2628368768546863,3.3275565067747017,0
1.5080983653791553,1.4310688280371915,2.2216516897058867,-2.3821480387667124,2.540936809541833,1
0.07022065822498126,-0.663648658363934,0.8554917493825793,-0.9854510599082793,2.0791501683905347,0
0.41214265403661476,0.4137404050075013,0.412756595472377,-0.8582462778732766,0.6633916408179026,1
-0.20394262992084752,-0.8228349936328208,0.15841467998054348,-0.6906911787028123,1.3790677799336568,0
0.8898596767420247,1.0154453270189174,1.1236502119393683,-1.2159955030305243,1.0419839110115814,1
0.6743225318348668,0.4430434906317531,2.516997330019575,0.5087946516868243,1.4345369053944137,1
0.7399724473074724,1.1516572454393084,1.9033563612737994,1.1177366252034657,-0.1824390600132145,1
1.1135941968784386,0.9739642763779738,1.7729041542932586,-1.7934347835750795,2.09021806864599,1
1.0753613438521632,1.5429863464255558,1.248093761241328,-0.7960297397884463,0.37356368362501435,1
-0.5180891286949099,-0.8155853562265275,-2.092469465491263,-1.8477025869052164,0.286620767106623,0
0.525738070898155,1.678397631641892,0.5887427615018943,1.9916689357887436,-2.460490858459652,1
0.46267365274498773,0.030444025913062722,0.865292518420471,-1.54491483364391,1.9179413848594182,0
-0.41602927427992437,-1.9199039445403707,1.1771767651078258,-0.8685507023925064,3.3558335882489096,0
-0.515437819369941,-1.2670497477677727,0.32141504004655297,0.2656298424603394,1.1716457410412509,0
0.454437240041252,0.905573065227569,0.261635151557695,-0.039261068025184365,-0.5220302498728306,1
0.5676201357280246,-1.2438403399005866,3.574555892071237,-1.7943452832634212,5.585086121171739,0
0.9948536327658922,0.5768802436542123,1.3430621135311895,-2.6969510328529234,2.749237491530223,1
0.444471227461753,0.5157678243126413,0.6657550797049587,-0.4418444760805106,0.47770447430632607,1
0.1519858133509039,-0.6125397331222744,1.0510415619428939,-1.0807902740293862,2.2796804700317197,0
-0.6636829818273752,-1.8489701254446813,0.16467468687004094,-0.5666777635321887,2.175060497163415,0
-0.11269919581726287,-1.0009650722096746,0.6856867513969973,-0.9870685725686438,2.222615825894941,0
0.3403325756027634,-0.07396759853953938,0.6001200782433593,-1.4375769166355008,1.693153633521818,0
0.6351519979570263,1.2018376654554919,1.4853404219268402,1.3125087861362548,-0.7417801713509001,1
0.5650418899697344,-0.07754571953055389,1.6435392136750475,-1.3820674298709543,2.5686917681823744,0
-1.1286739360070326,-2.22327373842229,-0.8553748502412863,-0.11661268502960487,1.2582472647117677,0
-1.181499091416513,-2.6613479854445288,-0.3108477030939629,-0.19246206883593886,2.172077573181941,0
0.7562469546548193,-0.10879438807780206,2.344532268041039,-1.6643866438450552,3.4270271022967838,0
0.5395211757524484,0.7030344071828767,2.1747275429517074,1.536668873510401,0.12131014375368628,1
0.8686202235943172,1.6322848034172508,0.6704662810152417,-0.09893721100428898,-0.7449356895708328,1
0.5455065773575167,0.4702279320911764,-0.4753866281711603,-2.737564768232902,1.2777365773075424,0
1.0263177862257673,0.5068598481504472,1.3797068552030947,-3.020464210729505,3.0900343336024534,1
0.6967687341791811,0.6291139080573775,2.322280484352625,0.5910566969803075,1.0400616997355412,1
0.6430500737216265,1.2657696235839397,1.6023745735717494,1.5916377301654725,-0.908495913592263,1
-0.4040853549610487,-1.912194267631385,1.1866432971297058,-0.9080062758420948,3.387754775804362,0
0.5659981445247225,1.6679254813278082,0.43774167289224686,1.5129877586305125,-2.2165909775982824,1
-0.22302369029500724,-0.7004606988406192,-0.5973446949654082,-1.2910057148455276,1.071283789276768,0
0.5666726789421194,0.28234041435942725,0.5381669085729284,-1.9676170681706557,1.7379846043210936,0
-0.6278865451149709,-1.739825606804763,0.18359999569039487,-0.4734512291070031,2.025923644648853,0
0.6449809498108685,0.6063978999248643,0.7763801146272578,-1.271568994516763,1.133129488506179,0
1.4182789633129005,2.0481566428052274,1.7737193499361386,-0.8407682501953575,0.43283364296049237,1
-0.1066800190067664,-0.5050802733713968,-0.37873742348240025,-1.1884376037521998,1.0156631262743965,0
0.747935344662487,0.41225922487543665,0.8087653173931212,-2.3588146119995623,2.1633161818048925,1
0.507360483822491,1.6264342058575612,0.34012299493349296,1.6271274374745703,-2.3539654310708733,1
0.5408421750735957,0.8982601624209308,1.3953940712012183,0.9701803839011408,-0.29597966962941513,1
-0.45055326218272335,-0.9323775348457709,-1.1828218081855488,-1.3162628355417332,0.7773878242264872,0
0.6283028408939951,0.43842082263940996,0.9138994506821302,-1.4200266508921877,1.5126189427704504,1
-0.82841096151221,-1.2245175315877137,-2.3948943334227026,-1.4441083470147382,0.06468292880590068,0
-0.16929361797022874,-0.5033803371980301,-0.7536986814107687,-1.3174527191673207,0.7843593782846485,0
0.7309220914759867,0.5622960396861405,0.9783466712729615,-1.6318206773399226,1.624726230091027,1
1.2740427569338653,2.0567688741193733,1.5120486739302,-0.3008602754125571,-0.21833763823930763,1
-0.15617444810509853,-1.2491025027254143,1.040357409236744,-0.8843798245083131,2.669025194860698,0
-0.8796643408269477,-1.6458362372472801,-0.911095596538668,-0.19900091407269827,0.7742114639066516,0
0.03962550568344035,-1.0079311005284644,1.3202060642274587,-1.0610023754372775,2.8418071463287835,0
0.4267181963227494,0.7376009769700136,0.9783654421560609,0.6728611011945386,-0.2949060586713924,1
-0.015441788684353613,-1.280028635018241,1.4974957088430736,-1.1934238311086753,3.333735709763861,0
0.32607821505199674,0.7806127330003104,0.7888676374280419,1.1366161084452058,-0.8540436261461883,0
0.6382952490250866,0.36331517173965877,2.3204860837649606,0.2504058472545382,1.5292743392212458,1
0.24055868427616678,1.6183640480507564,-1.2779437231678097,1.0095940317177163,-3.29216395605531,1
0.47636265314367854,-0.4068533312165833,1.9360849292255482,-1.3016905709267805,3.0477972233773687,0
0.20931613893207346,1.227663973945769,-1.0706081727966228,0.4642931265235052,-2.3547250659081356,1
-0.05207932180492598,-0.5542872234419571,0.06574958187901658,-1.0394259051725419,1.3335986956169283,0
0.4766126598920585,0.5967691716181407,0.9108561569848841,-0.08996894809212175,0.35274906227447905,1
-0.6454966323083451,-2.0067082061117856,0.44829163952637063,-0.7000038016683181,2.662224845302263,0
0.46592001916075304,0.0048059935667563725,2.209744542821452,0.2103904198119656,1.7722900650521123,1
-0.6411725575160918,-1.0478944974821307,-1.4919368993102706,-0.883446046831974,0.27391452860025933,0
-1.0969869805782797,-2.0821112695449244,-0.6004858337547494,0.40835351777724416,0.9571409791380618,0
0.43236292417515026,2.2826035674470138,0.9426251923431166,4.619524488223686,-4.687947160518307,1
0.45800678814033424,-1.362538559877212,3.3895987356398942,-1.6916714499501064,5.44655373124509,0
-0.33302547777080826,-1.0352403109268087,0.5385371477290166,0.05995454437195469,1.319790732512931,0
0.7040326495272827,1.409698032613914,0.5367312821332888,0.13678597149880845,-0.8509684686726106,1
-2.016104294254548,-3.121886148340178,-1.9417561183352565,1.4404292116790498,-0.11357060763683893,0
0.573125901188817,0.5944190739499517,0.6857449394337871,-0.9906152980064312,0.8484135844490885,1
0.5728622311767938,0.27171667503770625,1.3079016780893191,-0.978382941072532,1.6631613120000246,1
-1.0690985103254647,-1.7579171688469657,-1.5712439530976128,-0.24533285631915314,0.327571575288714,0
0.3299312683492566,0.9303642847353493,-0.1214814192253384,0.2566473346225181,-1.1064525862884074,1
